[{"name":"main","qualifiedName":"main","href":"main/main-library.html","kind":9,"overriddenDepth":0,"packageRank":0,"desc":""},{"name":"CalculateScreen","qualifiedName":"main.CalculateScreen","href":"main/CalculateScreen-class.html","kind":3,"overriddenDepth":0,"packageRank":0,"desc":"","enclosedBy":{"name":"main","kind":9,"href":"main/main-library.html"}},{"name":"CalculateScreen","qualifiedName":"main.CalculateScreen.CalculateScreen","href":"main/CalculateScreen/CalculateScreen.html","kind":2,"overriddenDepth":0,"packageRank":0,"desc":"","enclosedBy":{"name":"CalculateScreen","kind":3,"href":"main/CalculateScreen-class.html"}},{"name":"build","qualifiedName":"main.CalculateScreen.build","href":"main/CalculateScreen/build.html","kind":10,"overriddenDepth":1,"packageRank":0,"desc":"Describes the part of the user interface represented by this widget.","enclosedBy":{"name":"CalculateScreen","kind":3,"href":"main/CalculateScreen-class.html"}},{"name":"calculateBMI","qualifiedName":"main.CalculateScreen.calculateBMI","href":"main/CalculateScreen/calculateBMI.html","kind":10,"overriddenDepth":0,"packageRank":0,"desc":"","enclosedBy":{"name":"CalculateScreen","kind":3,"href":"main/CalculateScreen-class.html"}},{"name":"heightController","qualifiedName":"main.CalculateScreen.heightController","href":"main/CalculateScreen/heightController.html","kind":16,"overriddenDepth":0,"packageRank":0,"desc":"","enclosedBy":{"name":"CalculateScreen","kind":3,"href":"main/CalculateScreen-class.html"}},{"name":"weightController","qualifiedName":"main.CalculateScreen.weightController","href":"main/CalculateScreen/weightController.html","kind":16,"overriddenDepth":0,"packageRank":0,"desc":"","enclosedBy":{"name":"CalculateScreen","kind":3,"href":"main/CalculateScreen-class.html"}},{"name":"InfoScreen","qualifiedName":"main.InfoScreen","href":"main/InfoScreen-class.html","kind":3,"overriddenDepth":0,"packageRank":0,"desc":"","enclosedBy":{"name":"main","kind":9,"href":"main/main-library.html"}},{"name":"InfoScreen","qualifiedName":"main.InfoScreen.InfoScreen","href":"main/InfoScreen/InfoScreen.html","kind":2,"overriddenDepth":0,"packageRank":0,"desc":"","enclosedBy":{"name":"InfoScreen","kind":3,"href":"main/InfoScreen-class.html"}},{"name":"build","qualifiedName":"main.InfoScreen.build","href":"main/InfoScreen/build.html","kind":10,"overriddenDepth":1,"packageRank":0,"desc":"Describes the part of the user interface represented by this widget.","enclosedBy":{"name":"InfoScreen","kind":3,"href":"main/InfoScreen-class.html"}},{"name":"getCategory","qualifiedName":"main.InfoScreen.getCategory","href":"main/InfoScreen/getCategory.html","kind":10,"overriddenDepth":0,"packageRank":0,"desc":"","enclosedBy":{"name":"InfoScreen","kind":3,"href":"main/InfoScreen-class.html"}},{"name":"MyApp","qualifiedName":"main.MyApp","href":"main/MyApp-class.html","kind":3,"overriddenDepth":0,"packageRank":0,"desc":"","enclosedBy":{"name":"main","kind":9,"href":"main/main-library.html"}},{"name":"MyApp","qualifiedName":"main.MyApp.MyApp","href":"main/MyApp/MyApp.html","kind":2,"overriddenDepth":0,"packageRank":0,"desc":"","enclosedBy":{"name":"MyApp","kind":3,"href":"main/MyApp-class.html"}},{"name":"build","qualifiedName":"main.MyApp.build","href":"main/MyApp/build.html","kind":10,"overriddenDepth":1,"packageRank":0,"desc":"Describes the part of the user interface represented by this widget.","enclosedBy":{"name":"MyApp","kind":3,"href":"main/MyApp-class.html"}},{"name":"main","qualifiedName":"main.main","href":"main/main.html","kind":8,"overriddenDepth":0,"packageRank":0,"desc":"","enclosedBy":{"name":"main","kind":9,"href":"main/main-library.html"}}]
